{
  "HNVR": 1772376198.9850733,
  "WINK.L": 1772376214.1921713,
  "BRK.AX": 1772376263.6603153
}