{
  "HNVR": 1772376198.9850733,
  "WINK.L": 1772376214.1921713,
  "BRK.AX": 1772376263.6603153,
  "NGTF": 1772376953.8322558,
  "TET.L": 1772376981.8979492,
  "GL1.AX": 1772377050.6391022
}