{
  "HNVR": 1772376198.9850733,
  "WINK.L": 1772376214.1921713,
  "BRK.AX": 1772376263.6603153,
  "NGTF": 1772376953.8322558,
  "TET.L": 1772376981.8979492,
  "GL1.AX": 1772377050.6391022,
  "COYA": 1772434554.5477502,
  "SDI.L": 1772434597.6876407,
  "ADN.AX": 1772434660.052071,
  "AAPL": 1772491759.8094747,
  "BTOG": 1772488713.657701,
  "FCEL": 1772490234.947749,
  "TOON": 1772492044.9241228,
  "CML.L": 1772492073.93633,
  "RNU.AX": 1772492157.484582,
  "ATHE": 1772520538.0400298,
  "DUKE.L": 1772520572.5703409,
  "AFC.L": 1772520572.5847888,
  "NVX.AX": 1772520641.9817257,
  "REBN": 1772606672.2309794,
  "FLO.L": 1772606710.885156,
  "LKE.AX": 1772606805.19949,
  "APRE": 1772693377.1055298,
  "PEN.AX": 1772693483.8542354,
  "TPST": 1772779472.3327112,
  "BMEA": 1772779472.5634766,
  "EMN.AX": 1772779606.4735053,
  "SLNH": 1772865506.8048272
}