{"ALML": 1772362801.8056116, "ENS": 1772362863.997372, "BPH.AX": 1772362868.4942782, "CNI": 1772362922.6636171, "CNXC": 1772362924.1084235, "CNQ.TO": 1772362924.6461613, "PFE": 1772362982.242142, "QORIA": 1772363043.4104543, "AMLM": 1772363044.635996}