{"ALML": 1772362801.8056116, "ENS": 1772362863.997372, "BPH.AX": 1772362868.4942782, "CNI": 1772362922.6636171, "CNXC": 1772362924.1084235, "CNQ.TO": 1772362924.6461613, "PFE": 1772362982.242142, "QORIA": 1772363043.4104543, "AMLM": 1772363044.635996, "LSEG.L": 1772363462.392707, "LST.L": 1772363462.695542, "RGTI": 1772363525.3757987, "VFS": 1772363525.7818048, "AVL.AX": 1772363584.1806574, "ACTV": 1772364012.8261101, "PHT": 1772364013.7557087, "AGAC": 1772364014.9738011, "GTLT": 1772364015.9985063, "BGG": 1772364240.9479446, "ADYE.Y": 1772364250.3623266, "BRG.AX": 1772364304.5620685, "XRO.AX": 1772364304.8297884, "ASX.AX": 1772364305.101502, "MPL.AX": 1772364305.3830137, "ELTP": 1772364370.6167006, "VRX": 1772364386.8914678, "CRTX": 1772364388.347798, "LGF": 1772364389.0907993, "IMAX": 1772364390.4779181, "NLCP": 1772364428.7486508, "RST.L": 1772364436.7672114, "MINI": 1772364437.0404913, "WPHO.L": 1772364441.9874184, "QBE.AX": 1772364481.393711, "ABB.AX": 1772364486.3940907, "CHARTERHALLRETAILREIT": 1772364487.2545288, "DXB.AX": 1772364492.0635307, "SHEL.L": 1772364542.4314394, "CRODA": 1772364543.0594265, "NU": 1772364544.1817446, "EC": 1772364545.0213022, "BANKOZKLIKELYUSTICKEROZK": 1772364554.2198439, "BUTLOOKINGFORCANADIANEQUIVALENTUNABLETOFINDDIRECTCANADIANLISTING": 1772364555.9676652, "POTNUTRIENPOTASHCOMPANY": 1772364557.8042674, "NOOTHERCLEARCANADIANTICKERSMENTIONED.GIVENTHECONSTRAINTTOGUESSIFUNSUREANDFOCUSONCANADIANLISTINGS": 1772364558.422269, "SERVCORP": 1772364567.4277356, "AAP.AX": 1772364568.621404}